filename,affinity_pred_value
affinity_BRAF_pA712T_dabrafenib.json,-2.4557783603668213
affinity_BRAF_pD594G_dabrafenib.json,-2.610433340072632
affinity_BRAF_pG464E_dabrafenib.json,-2.2631406784057617
affinity_BRAF_pG464V_dabrafenib.json,-2.131457805633545
affinity_BRAF_pG466V_dabrafenib.json,-2.5132949352264404
affinity_BRAF_pG469A_dabrafenib.json,-2.4667787551879883
affinity_BRAF_pG469V_dabrafenib.json,-2.426783561706543
affinity_BRAF_pG596R_dabrafenib.json,-2.537062168121338
affinity_BRAF_pK499T_dabrafenib.json,-2.480116128921509
affinity_BRAF_pK601N_dabrafenib.json,-2.439084529876709
affinity_BRAF_pL597R_dabrafenib.json,-2.466275691986084
affinity_BRAF_pL597V_dabrafenib.json,-2.4962289333343506
affinity_BRAF_pM650I_dabrafenib.json,-2.53554630279541
affinity_BRAF_pN581K_dabrafenib.json,-2.6124327182769775
affinity_BRAF_pN581Y_dabrafenib.json,-2.5565743446350098
affinity_BRAF_pR506G_dabrafenib.json,-2.4868030548095703
affinity_BRAF_pR671Q_dabrafenib.json,-2.5377025604248047
affinity_BRAF_pS683N_dabrafenib.json,-2.5134475231170654
affinity_BRAF_pT529A_dabrafenib.json,-2.4759483337402344
affinity_BRAF_pV600E_dabrafenib.json,-2.478760004043579
affinity_BRAF_pV600M_dabrafenib.json,-2.5334699153900146
affinity_BRAF_pV645I_dabrafenib.json,-2.46981143951416
affinity_BRAF_WT_dabrafenib.json,-2.594667434692383
