"model_name","BRAF_mutations"
"22RV1","p.L597R"
"451Lu","p.V600E"
"5637","Wildtype"
"639-V","Wildtype"
"647-V","Wildtype"
"8305C","p.V600E"
"8505C","p.V600E"
"A101D","p.V600E"
"A2058","p.V600E"
"A2780","p.V226M"
"A3-KAW","Wildtype"
"A375","p.V600E"
"A4-Fuk","Wildtype"
"A673","p.V600E"
"A704","Wildtype"
"ACN","p.V600E"
"AGS","Wildtype"
"ALL-PO","Wildtype"
"AM-38","p.V600E"
"AMO-1","Wildtype"
"ASH-3","Wildtype"
"ATN-1","Wildtype"
"AsPC-1","Wildtype"
"B-CPAP","p.V600E"
"BALL-1","Wildtype"
"BB49-HNC","Wildtype"
"BEN","Wildtype"
"BHT-101","p.V600E"
"BICR18","Wildtype"
"BICR31","Wildtype"
"BONNA-12","Wildtype"
"BT-474","Wildtype"
"BxPC-3","p.V487_P492delinsA"
"C-33-A","p.A115V"
"C-4-I","Wildtype"
"C32","p.V600E"
"C3A","Wildtype"
"C666-1","p.R354*"
"C8166","Wildtype"
"CA46","Wildtype"
"CAL-12T","p.G466V"
"CAL-27","Wildtype"
"CAL-62","Wildtype"
"CCF-STTG1","p.R146Q"
"CCK-81","p.R506G; p.S273N"
"CHL-1","Wildtype"
"CML-T1","p.A404fs*9"
"COLO-201","p.V600E"
"COLO-205","p.V600E"
"COLO-668","Wildtype"
"COLO-679","p.V600E"
"COLO-680N","Wildtype"
"COLO-741","p.V600E"
"COLO-783","p.V600E"
"COLO-800","p.V600E"
"COLO-824","Wildtype"
"COLO-829","p.V600E"
"COR-L24","Wildtype"
"COR-L279","Wildtype"
"COR-L311","Wildtype"
"CP50-MEL-B","p.V600E"
"CP67-MEL","p.V600E"
"CW-2","Wildtype"
"Ca9-22","Wildtype"
"ChaGo-K-1","Wildtype"
"D-542MG","Wildtype"
"DBTRG-05MG","p.V600E"
"DEL","Wildtype"
"DMS-273","Wildtype"
"DND-41","Wildtype"
"DOV13","Wildtype"
"DU-4475","p.V600E"
"Daudi","Wildtype"
"EB-3","Wildtype"
"EB2","Wildtype"
"EC-GI-10","Wildtype"
"ECC10","Wildtype"
"EFM-192A","Wildtype"
"EFO-27","Wildtype"
"EN","p.I326V"
"ES-2","p.V600E"
"ES7","Wildtype"
"EVSA-T","Wildtype"
"EW-12","Wildtype"
"Farage","Wildtype"
"G-361","p.V600E"
"G-MEL","p.V600E"
"GCIY","Wildtype"
"GCT","p.V600E"
"GOS-3","Wildtype"
"GP5d","p.T529A"
"GR-ST","p.D361G"
"GSU","Wildtype"
"HAL-01","Wildtype"
"HARA","Wildtype"
"HCC-44","Wildtype"
"HCC1187","Wildtype"
"HCC1395","Wildtype"
"HCC1395-BL","Wildtype"
"HCC1599","Wildtype"
"HCC1599-BL","Wildtype"
"HCC2157","Wildtype"
"HCC2218","p.E296K"
"HCC2998","Wildtype"
"HCE-4","Wildtype"
"HCM-SANG-0265-C18","Wildtype"
"HCM-SANG-0266-C20","Wildtype"
"HCM-SANG-0267-D12","Wildtype"
"HCM-SANG-0268-C18","Wildtype"
"HCM-SANG-0270-C20","Wildtype"
"HCM-SANG-0272-C20","Wildtype"
"HCM-SANG-0273-C18","p.V600E"
"HCM-SANG-0274-C18","Wildtype"
"HCM-SANG-0275-C18","Wildtype"
"HCM-SANG-0276-C18","p.V600E"
"HCM-SANG-0278-C20","Wildtype"
"HCM-SANG-0280-C18","Wildtype"
"HCM-SANG-0281-C18","Wildtype"
"HCM-SANG-0282-C18","p.V600E"
"HCM-SANG-0283-C18","Wildtype"
"HCM-SANG-0285-C18","p.V600E"
"HCM-SANG-0286-C20","Wildtype"
"HCM-SANG-0287-C20","Wildtype"
"HCM-SANG-0288-C18","p.V600E"
"HCM-SANG-0289-C15","Wildtype"
"HCM-SANG-0290-C15","Wildtype"
"HCM-SANG-0292-C15","Wildtype"
"HCM-SANG-0293-C15","Wildtype"
"HCM-SANG-0294-C15","Wildtype"
"HCM-SANG-0295-C15","Wildtype"
"HCM-SANG-0299-C15","Wildtype"
"HCM-SANG-0299-C15-B","Wildtype"
"HCM-SANG-0300-C15","Wildtype"
"HCM-SANG-0302-C15","Wildtype"
"HCM-SANG-0303-C15","Wildtype"
"HCM-SANG-0306-C15","Wildtype"
"HCM-SANG-0310-C15","Wildtype"
"HCM-SANG-0311-C15","Wildtype"
"HCM-SANG-0311-C15-B","Wildtype"
"HCM-SANG-0312-C15","p.R671Q"
"HCM-SANG-0313-C15","Wildtype"
"HCM-SANG-0315-C25","Wildtype"
"HCM-SANG-0519-C20","p.Q356H"
"HCM-SANG-0520-C18","p.V600E"
"HCM-SANG-0522-C18","Wildtype"
"HCM-SANG-0523-C15","Wildtype"
"HCM-SANG-0524-C20","Wildtype"
"HCM-SANG-0525-C18","Wildtype"
"HCM-SANG-0526-C15","Wildtype"
"HCM-SANG-0529-C18","Wildtype"
"HCM-SANG-0532-C20","Wildtype"
"HCM-SANG-0534-C18","Wildtype"
"HCM-SANG-0535-C20","Wildtype"
"HCM-SANG-0536-C18","Wildtype"
"HCM-SANG-0537-C18","Wildtype"
"HCM-SANG-0538-C15","Wildtype"
"HCM-SANG-0541-C20","p.D594G"
"HCM-SANG-0542-C18","p.D594G"
"HCM-SANG-0543-C15","Wildtype"
"HCM-SANG-0546-C15","Wildtype"
"HCM-SANG-0551-C18","Wildtype"
"HCM-SANG-0552-C25","Wildtype"
"HCM-SANG-0778-C25","Wildtype"
"HCM-SANG-0779-C25","Wildtype"
"HCM-SANG-1082-C15","Wildtype"
"HCM-SANG-1084-C15","Wildtype"
"HCM-SANG-1085-C20","Wildtype"
"HCM-SANG-1086-C18","Wildtype"
"HCM-SANG-1087-C18","Wildtype"
"HCM-SANG-1088-C18","Wildtype"
"HCM-SANG-1090-C18","Wildtype"
"HCM-SANG-1093-C18","Wildtype"
"HCM-SANG-1095-C25","Wildtype"
"HCM-SANG-1300-C18","Wildtype"
"HCM-SANG-1302-C15","Wildtype"
"HCM-SANG-1303-C18","Wildtype"
"HCM-SANG-1304-C20","Wildtype"
"HCM-SANG-1305-C15","Wildtype"
"HCM-SANG-1307-C25","Wildtype"
"HCM-SANG-1309-C25","Wildtype"
"HCM-SANG-1311-C18","Wildtype"
"HCM-SANG-1312-C20","Wildtype"
"HCM-SANG-1314-C18","Wildtype"
"HCM-SANG-1319-C18","Wildtype"
"HCM-SANG-1320-C25","Wildtype"
"HCM-SANG-1322-C15","Wildtype"
"HCM-SANG-1323-C15","p.N20T"
"HCM-SANG-1324-C18","p.V600E"
"HCM-SANG-1326-C15","Wildtype"
"HCM-SANG-1328-C15","Wildtype"
"HCM-SANG-1329-C15","Wildtype"
"HCM-SANG-1330-C19","Wildtype"
"HCM-SANG-1331-C18","Wildtype"
"HCM-SANG-1332-C18","Wildtype"
"HCM-SANG-1333-C20","Wildtype"
"HCM-SANG-1334-C18","p.V600E"
"HCM-SANG-1336-C15","Wildtype"
"HCM-SANG-1338-C20","p.D594G"
"HCT-116","Wildtype"
"HEC-1","Wildtype"
"HEC-108","Wildtype"
"HEC-251","Wildtype"
"HEC-265","p.P403fs*8"
"HGC-27","Wildtype"
"HK1","Wildtype"
"HLF-a","Wildtype"
"HMV-II","p.G469V"
"HO-1-N-1","Wildtype"
"HO-1-u-1","Wildtype"
"HOP-92","Wildtype"
"HOS","Wildtype"
"HPB-ALL","Wildtype"
"HSC-2","Wildtype"
"HSC-3","Wildtype"
"HSC-39","Wildtype"
"HT-115","p.R354Q"
"HT-144","p.V600E"
"HT-29","p.T119S; p.V600E"
"HT55","p.N581Y"
"HTC-C3","p.V600E"
"HUH-6-clone5","Wildtype"
"Hey","p.G464E"
"Hey-A8","p.G464E"
"Hs-695-T","p.V600E"
"Hs-852-T","Wildtype"
"Hs-936-T","p.N581K"
"Hs-939-T","p.V600E"
"HuH-6","Wildtype"
"HuH-7","Wildtype"
"HuO-3N1","Wildtype"
"HuP-T4","Wildtype"
"HuTu-80","Wildtype"
"IGR-1","p.V600E; p.V600M"
"IGR-37","p.V600E"
"IGROV-1","Wildtype"
"IHH-4","p.V600E"
"IM-95","Wildtype"
"IST-MEL1","p.V600E"
"IST-SL2","Wildtype"
"JEKO-1","p.D22N"
"JHH-7","Wildtype"
"JHOC-5","Wildtype"
"JHOS-3","Wildtype"
"JHU-029","Wildtype"
"JHUEM-2","Wildtype"
"JHUEM-7","p.K499T"
"JK-1","Wildtype"
"JVM-3","p.K601N"
"Jurkat","p.A728V"
"K029AX","p.V600E"
"K2","p.V600E"
"K5","p.V600E"
"KALS-1","Wildtype"
"KARPAS-45","Wildtype"
"KASUMI-1","Wildtype"
"KASUMI-2","Wildtype"
"KE-39","Wildtype"
"KG-1-C","p.V600E"
"KGN","Wildtype"
"KINGS-1","Wildtype"
"KM-H2","Wildtype"
"KM12","p.A404fs*9; p.A712T"
"KMBC-2","p.M650I"
"KMOE-2","Wildtype"
"KMRC-20","Wildtype"
"KMS-11","Wildtype"
"KMS-26","Wildtype"
"KMS-27","Wildtype"
"KNS-42","Wildtype"
"KON","Wildtype"
"KOPN-8","Wildtype"
"KOSC-2","Wildtype"
"KP-1N","Wildtype"
"KP-4","Wildtype"
"KP-N-RT-BM-1","Wildtype"
"KP-N-YN","Wildtype"
"KP-N-YS","Wildtype"
"KU-19-19","Wildtype"
"KYM-1","Wildtype"
"KYO-1","Wildtype"
"KYSE-180","p.I326V"
"KYSE-220","p.C194G"
"KYSE-410","Wildtype"
"KYSE-450","Wildtype"
"KYSE-70","Wildtype"
"L-1236","Wildtype"
"L542","Wildtype"
"LAMA-84","Wildtype"
"LB1047-EBV","Wildtype"
"LB2241-EBV","Wildtype"
"LB2241-RCC","Wildtype"
"LC-2-ad","Wildtype"
"LK-2","Wildtype"
"LNCaP-Clone-FGC","Wildtype"
"LNZTA3WT4","Wildtype"
"LOXIMVI","p.I208V; p.V600E"
"LS-180","p.D211G"
"LS-411N","p.V600E"
"LS-513","p.E204*; p.E204V"
"LU-135","Wildtype"
"LU-139","Wildtype"
"LU-165","Wildtype"
"LU-65","Wildtype"
"LoVo","Wildtype"
"M00921","p.V600E"
"M059J","Wildtype"
"M120327_3","p.V600E"
"M14","p.V600E"
"M980513","p.V600E"
"MCAS","Wildtype"
"MCC13","Wildtype"
"MDA-MB-157","Wildtype"
"MDA-MB-175-VII","Wildtype"
"MDA-MB-231","p.G464V"
"MDA-MB-330","Wildtype"
"MDA-MB-361","Wildtype"
"MDA-MB-415","p.P74A"
"MDA-PCa-2b","Wildtype"
"MDST8","p.V600E; p.V600M"
"ME-1","Wildtype"
"MEG-01","p.K601N"
"MEL-HO","p.V600E"
"MES-SA","Wildtype"
"MFE-319","p.S727G"
"MFH-ino","Wildtype"
"MHH-PREB-1","Wildtype"
"MIA-PaCa-2","Wildtype"
"MKN28","Wildtype"
"MKN7","Wildtype"
"MKN74","Wildtype"
"MMAc-SF","p.V600E"
"MOG-G-CCM","Wildtype"
"MOLM-16","Wildtype"
"MOLM-6","Wildtype"
"MPP-89","Wildtype"
"MRK-nu-1","Wildtype"
"MSTO-211H","Wildtype"
"MY-M12","Wildtype"
"MZ7-mel","p.V600E"
"Malme-3M","p.V600E"
"Mesobank_CellLine-12","Wildtype"
"Mesobank_CellLine-14T","Wildtype"
"Mesobank_CellLine-18","Wildtype"
"Mesobank_CellLine-19","Wildtype"
"Mesobank_CellLine-2","Wildtype"
"Mesobank_CellLine-23T","Wildtype"
"Mesobank_CellLine-24","Wildtype"
"Mesobank_CellLine-26","Wildtype"
"Mesobank_CellLine-29T","Wildtype"
"Mesobank_CellLine-33T","Wildtype"
"Mesobank_CellLine-34","Wildtype"
"Mesobank_CellLine-35","Wildtype"
"Mesobank_CellLine-36","Wildtype"
"Mesobank_CellLine-38","Wildtype"
"Mesobank_CellLine-3T","Wildtype"
"Mesobank_CellLine-40","Wildtype"
"Mesobank_CellLine-45","Wildtype"
"Mesobank_CellLine-50T","Wildtype"
"Mesobank_CellLine-53T","Wildtype"
"Mesobank_CellLine-7T","Wildtype"
"NALM-1","Wildtype"
"NALM-6","Wildtype"
"NB1","p.I326V"
"NB13","Wildtype"
"NB5","Wildtype"
"NB69","Wildtype"
"NBsusSR","Wildtype"
"NCI-BL1395","p.G469A"
"NCI-BL1437","Wildtype"
"NCI-H1048","Wildtype"
"NCI-H1092","Wildtype"
"NCI-H1155","Wildtype"
"NCI-H1437","Wildtype"
"NCI-H1573","Wildtype"
"NCI-H1651","p.E375D"
"NCI-H1666","p.G466V"
"NCI-H1755","p.G469A"
"NCI-H1993","Wildtype"
"NCI-H2087","p.L597V"
"NCI-H2110","Wildtype"
"NCI-H2172","Wildtype"
"NCI-H2196","Wildtype"
"NCI-H2227","p.A320S"
"NCI-H2342","Wildtype"
"NCI-H2369","Wildtype"
"NCI-H2405","p.L485*; p.L485_P490delinsY"
"NCI-H2444","Wildtype"
"NCI-H250","Wildtype"
"NCI-H2722","Wildtype"
"NCI-H28","Wildtype"
"NCI-H2803","Wildtype"
"NCI-H358","Wildtype"
"NCI-H508","p.G596R"
"NCI-H513","Wildtype"
"NCI-H64","Wildtype"
"NCI-H660","p.E45D"
"NCI-H661","Wildtype"
"NCI-H716","Wildtype"
"NCI-H748","Wildtype"
"NCI-H810","Wildtype"
"NCI-H82","Wildtype"
"NCI-H929","Wildtype"
"NEC8","Wildtype"
"NH-12","Wildtype"
"NK-92MI","Wildtype"
"NMC-G1","p.V600E"
"NP550hTERT","Wildtype"
"NPC268","Wildtype"
"NPC38","Wildtype"
"NPC53","Wildtype"
"NY","Wildtype"
"OACp4C","Wildtype"
"OAW-42","Wildtype"
"OC-314","p.A747V; p.P403fs*8"
"OCUB-M","Wildtype"
"OCUM-1","Wildtype"
"ONS-76","Wildtype"
"OPM-2","Wildtype"
"ORL-115","Wildtype"
"ORL-136","Wildtype"
"ORL-166","Wildtype"
"ORL-195","Wildtype"
"ORL-204","Wildtype"
"OS-RC-2","Wildtype"
"OSC-20","Wildtype"
"OV-90","p.N486_P490delNVTAP"
"OVISE","Wildtype"
"OVK-18","Wildtype"
"OVMIU","Wildtype"
"OVTOKO","Wildtype"
"P12-ICHIKAWA","p.I326V"
"P30-OHK","Wildtype"
"P31-FUJ","Wildtype"
"P32-ISH","Wildtype"
"PC-14","Wildtype"
"PC-3_[JPC-3]","Wildtype"
"PCM6","Wildtype"
"PK-59","Wildtype"
"PSN1","Wildtype"
"QGP-1","Wildtype"
"RC-K8","Wildtype"
"RCC10RGB","Wildtype"
"RCM-1","Wildtype"
"RERF-GC-1B","Wildtype"
"RERF-LC-FM","Wildtype"
"RERF-LC-KJ","Wildtype"
"RERF-LC-MS","Wildtype"
"RERF-LC-Sq1","Wildtype"
"RH-18","Wildtype"
"RKN","Wildtype"
"RKO","p.V600E"
"RL95-2","p.P403fs*8"
"RPMI-7951","p.V600E"
"RPMI-8402","Wildtype"
"RS4-11","Wildtype"
"RVH-421","p.V600E"
"Raji","Wildtype"
"SAS","Wildtype"
"SAT","Wildtype"
"SBC-3","Wildtype"
"SBC-5","Wildtype"
"SCC-25","Wildtype"
"SCH","Wildtype"
"SCaBER","Wildtype"
"SEM","Wildtype"
"SH-10-TC","Wildtype"
"SH-4","p.V600E"
"SIG-M5","p.V600E"
"SISO","Wildtype"
"SK-ES-1","Wildtype"
"SK-HEP-1","p.V600E"
"SK-LU-1","Wildtype"
"SK-MEL-1","p.V600E"
"SK-MEL-24","p.V600E"
"SK-MEL-28","p.V600E"
"SK-MEL-3","p.V600E"
"SK-MEL-30","p.D287H; p.E275K"
"SK-MEL-31","p.V600E"
"SK-MEL-5","p.V600E"
"SK-MM-2","Wildtype"
"SK-N-FI","Wildtype"
"SK-OV-3","Wildtype"
"SKG-IIIa","Wildtype"
"SKN-3","Wildtype"
"SNB75","Wildtype"
"SNG-M","Wildtype"
"SNU-1","p.A400V"
"SNU-1040","p.S76P; p.V120I"
"SNU-1076","Wildtype"
"SNU-1077","Wildtype"
"SNU-1105","Wildtype"
"SNU-175","Wildtype"
"SNU-201","Wildtype"
"SNU-283","Wildtype"
"SNU-349","Wildtype"
"SNU-387","Wildtype"
"SNU-407","p.R726C"
"SNU-423","Wildtype"
"SNU-489","Wildtype"
"SNU-5","Wildtype"
"SNU-503","Wildtype"
"SNU-61","Wildtype"
"SNU-620","Wildtype"
"SNU-719","Wildtype"
"SNU-81","Wildtype"
"SNU-899","Wildtype"
"SNU-C1","Wildtype"
"SNU-C2A","Wildtype"
"SNU-C2B","Wildtype"
"SNU-C5","p.V600E"
"SU-DHL-8","p.T599_V600insT"
"SUP-HD1","Wildtype"
"SW1271","p.S683N"
"SW1417","p.V600E"
"SW872","p.V600E"
"SW982","p.V600E"
"Saos-2","Wildtype"
"SiHa","Wildtype"
"T3M-10","p.I326V"
"T84","Wildtype"
"TASK1","Wildtype"
"TC-71","Wildtype"
"TC-YIK","Wildtype"
"TE-1","p.I326V"
"TE-10","Wildtype"
"TE-12","Wildtype"
"TE-441-T","Wildtype"
"TE-5","Wildtype"
"TE-8","Wildtype"
"TE-9","Wildtype"
"TGBC11TKB","Wildtype"
"TGBC1TKB","Wildtype"
"TGBC24TKB","p.V645I"
"TGW","Wildtype"
"THP-1","Wildtype"
"TK","Wildtype"
"TM-31","Wildtype"
"TMK-1","Wildtype"
"TT2609-C02","Wildtype"
"TYK-nu","Wildtype"
"U-266","p.K601N"
"U-87-MG","Wildtype"
"U251","Wildtype"
"UACC-257","p.V600E"
"UACC-62","p.V600E"
"UE6E7T-3","Wildtype"
"UM-UC-1","Wildtype"
"UM-UC-3","Wildtype"
"VMRC-LCD","Wildtype"
"VMRC-MELG","p.V600E"
"WM-115","p.V600E"
"WM1552C","p.V600E"
"WM1799","p.V600E"
"WM278","p.V600E"
"WM35","p.V600E"
"WM793B","p.V600E"
"WM88","p.V600E"
"WM983B","p.V600E"
"WSU-NHL","p.A404fs*9"
"YKG-1","Wildtype"
"ZR-75-30","p.I326T"
"huH-1","Wildtype"
"no-10","Wildtype"
